URLs,Names
https://www.mse.mn/en/company/90,APU
https://www.mse.mn/en/company/562,GLMT
https://www.mse.mn/en/company/326,AARD
https://www.mse.mn/en/company/546,ERDN
https://www.mse.mn/en/company/553,INV
https://www.mse.mn/en/company/564,SBM
https://www.mse.mn/en/company/557,CUMN
https://www.mse.mn/en/company/354,GOV
https://www.mse.mn/en/company/484,UID
https://www.mse.mn/en/company/458,TTL
https://www.mse.mn/en/company/549,TUM
https://www.mse.mn/en/company/551,MFC
https://www.mse.mn/en/company/547,MNDL
https://www.mse.mn/en/company/135,SUU
https://www.mse.mn/en/company/558,BOGD
https://www.mse.mn/en/company/550,ADB
https://www.mse.mn/en/company/548,AIC
https://www.mse.mn/en/company/541,MNP
https://www.mse.mn/en/company/561,SEND
https://www.mse.mn/en/company/554,BODI
